{
  "channel": "mu",
  "stage_totals": {
    "baseline": {
      "data_counts": {
        "ordered_11_13": 1095059.0,
        "ordered_13_11": 0.0,
        "ep_mum": 450597.0,
        "mup_em": 460067.0,
        "ee_ss": 387416.0,
        "mumu_ss": 34029.0
      },
      "mc_counts": {
        "ordered_11_13": 756632.6840792695,
        "ordered_13_11": 0.0,
        "ep_mum": 316974.3321790564,
        "mup_em": 329344.67759227403,
        "ee_ss": 26122.099358394193,
        "mumu_ss": 5851.393368795236
      },
      "mc_samples_included": [
        "Wmunu",
        "Zmumu",
        "Ztautau",
        "m10_40_Zmumu",
        "ttbar"
      ]
    },
    "mass_only": {
      "data_counts": {
        "ordered_11_13": 293068.0,
        "ordered_13_11": 0.0,
        "ep_mum": 123321.0,
        "mup_em": 125476.0,
        "ee_ss": 240030.0,
        "mumu_ss": 8607.0
      },
      "mc_counts": {
        "ordered_11_13": 215715.32147317822,
        "ordered_13_11": 0.0,
        "ep_mum": 92916.0681144436,
        "mup_em": 95091.85315248898,
        "ee_ss": 8559.649493001292,
        "mumu_ss": 1588.5347227586974
      },
      "mc_samples_included": [
        "Wmunu",
        "Zmumu",
        "Ztautau",
        "m10_40_Zmumu",
        "ttbar"
      ]
    },
    "mass_plus_iso": {
      "data_counts": {
        "ordered_11_13": 233675.0,
        "ordered_13_11": 0.0,
        "ep_mum": 103852.0,
        "mup_em": 105719.0,
        "ee_ss": 216569.0,
        "mumu_ss": 4626.0
      },
      "mc_counts": {
        "ordered_11_13": 187021.97387491562,
        "ordered_13_11": 0.0,
        "ep_mum": 84263.64649796403,
        "mup_em": 86136.94880257417,
        "ee_ss": 3283.2051927489797,
        "mumu_ss": 1529.9259435214778
      },
      "mc_samples_included": [
        "Wmunu",
        "Zmumu",
        "Ztautau",
        "m10_40_Zmumu",
        "ttbar"
      ]
    }
  },
  "summary": "An index-ordering issue is present: ordered opposite-flavour counts are asymmetric even when physical wrong-flavour categories survive.\nbaseline control preselection: ordered opposite-flavour counts are one-sided ((11,13)=1095059.000, (13,11)=0.000) while the physical wrong-flavour regions remain populated. This is consistent with fixed ntuple lepton ordering.\nmass-only selection: ordered opposite-flavour counts are one-sided ((11,13)=293068.000, (13,11)=0.000) while the physical wrong-flavour regions remain populated. This is consistent with fixed ntuple lepton ordering.\nmass + iso selection: ordered opposite-flavour counts are one-sided ((11,13)=233675.000, (13,11)=0.000) while the physical wrong-flavour regions remain populated. This is consistent with fixed ntuple lepton ordering."
}